,Node 1,Node 2,Node 3,Node 4,Node 5,Node 6,Node 7,Node 8,Node 9
Time (raw),TDS (Volts),TDS (Volts),TDS (Volts),TDS (Volts),TDS (Volts),TDS (Volts),TDS (Volts),TDS (Volts),TDS (Volts)
0.001094493,0.0032,0,0,0,0,0.0071,0.0036,0,0
0.001104609,0,0,0,0,0,0,0.0036,0,0
0.001114725,0.0032,0,0,0,0,0,0.0143,0,0
0.001124841,0,0,0,0,0,0,0.0036,0,0
0.001134956,0.0032,0,0,0,0,0,0.0036,0,0
0.001145072,0,0,0,0,0,0.0106,0.0143,0,0
0.001155188,0,0,0,0,0,0,0.0143,0,0
0.001165304,0.0032,0,0,0,0,0,0.0143,0,0
0.001175419,0.0032,0,0,0,0,0,0.0143,0,0
0.001185536,0.0032,0,0,0,0,0,0.0036,0,0
0.001195652,0.0032,0,0,0,0,0,0.0036,0,0
0.001205767,0.0032,0,0,0,0,0.0071,0.0143,0,0
0.001215883,0.0032,0,0,0,0,0.0071,0.0036,0,0
0.001225999,0,0,0,0,0,0,0.0036,0,0
0.001236115,0.0032,0,0,0,0,0,0.0036,0,0
0.001246231,0.0032,0,0,0,0,0,0.0036,0,0
0.001256346,0.0032,0,0,0,0,0.0071,0.0143,0,0
0.001266462,0.0032,0,0,0,0,0.0071,0.0036,0,0
0.001276578,0.0032,0,0,0,0,0.0071,0.0036,0,0
0.001286694,0,0,0,0,0,0,0,0,0
0.001296809,0.0032,0,0,0,0,0,0.0036,0,0
0.001306926,0.0032,0,0,0,0,0.0071,0.0036,0,0
0.001317042,0.0032,0,0,0,0,0,0,0,0
0.001327158,0.0032,0,0,0,0,0,0,0,0
0.001337273,0.0032,0,0,0,0,0,0.0036,0,0
0.001347389,0,0,0,0,0,0.0071,0.0143,0,0
0.001357505,0.0032,0,0,0,0,0.0106,0.0036,0,0
0.001367621,0,0,0,0,0,0,0.0036,0,0
0.001377737,0.0032,0,0,0,0,0,0.0036,0,0
0.001387852,0,0,0,0,0,0,0.0036,0,0
0.001397968,0.0032,0,0,0,0,0.0071,0,0,0
0.001408084,0,0,0,0,0,0,0.0036,0,0
0.001418201,0,0,0,0,0,0,0.0143,0,0
0.001428316,0,0,0,0,0,0,0,0,0
0.001438432,0.0032,0,0,0,0,0.0106,0.0036,0,0
0.001448548,0.0032,0,0,0,0,0.0106,0.0036,0,0
0.001458664,0.0032,0,0,0,0,0,0.0143,0,0
0.001468779,0.0032,0,0,0,0,0,0.0143,0,0
0.001478895,0.0032,0,0,0,0,0,0.0143,0,0
0.001489011,0.0032,0,0,0,0,0,0.0036,0,0
0.001499127,0.0032,0,0,0,0,0.0071,0.0036,0,0
0.001509242,0.0032,0,0,0,0,0,0.0036,0,0
0.001519358,0.0032,0,0,0,0,0,0.0036,0,0
0.001529475,0.0032,0,0,0,0,0,0,0,0
0.001539591,0.0032,0,0,0,0,0,0.0036,0,0
0.001549706,0.0032,0,0,0,0,0.0071,0.0036,0,0
0.001559822,0,0,0,0,0,0,0.0143,0,0
0.001569938,0.0032,0,0,0,0,0,0.0036,0,0
0.001580054,0.0032,0,0,0,0,0,0.0036,0,0
0.00159017,0.0032,0,0,0,0,0.0106,0.0036,0,0
0.001600285,0,0,0,0,0,0.0071,0.0143,0,0
0.001610401,0,0,0,0,0,0,0.0143,0,0
0.001620517,0.0032,0,0,0,0,0.0071,0.0143,0,0
0.001630633,0.0032,0,0,0,0,0.0106,0.0143,0,0
0.001640749,0.0032,0,0,0,0,0.0071,0.0036,0,0
0.001650865,0.0032,0,0,0,0,0,0.0143,0,0
0.001660981,0.0032,0,0,0,0,0,0.0143,0,0
0.001671097,0.0032,0,0,0,0,0.0071,0.0143,0,0
0.001681212,0.0032,0,0,0,0,0.0071,0.0143,0,0.0032
0.001691328,0.0032,0,0,0,0,0,0.0143,0,0.0128
0.001701444,0.0032,0,0,0,0,0,0.0143,0,0.0289
0.00171156,0,0,0,0,0,0.0071,0.0036,0,0.0417
0.001721675,0,0,0,0,0,0.0071,0.0036,0,0.0514
0.001731791,0.0032,0,0,0,0,0,0.0143,0.0064,0.0578
0.001772396,0.0032,0,0,0,0,0,0.0036,0.0193,0.0674
0.001782512,0,0,0,0,0,0.0106,0.0072,0.0289,0.0706
0.001792628,0.0032,0,0,0,0,0.0106,0.0072,0.0353,0.0738
0.001802743,0.0032,0,0,0,0,0.0106,0.0108,0.0385,0.077
0.001812859,0.0032,0,0,0,0,0.0071,0.0215,0.0449,0.0802
0.001822976,0.0032,0,0,0,0,0.0071,0.0108,0.0481,0.0802
0.001833092,0.0032,0,0,0,0,0.0071,0.0108,0.0514,0.0802
0.001843207,0.0032,0,0,0,0,0,0.0143,0.0546,0.0802
0.001853323,0.0032,0,0,0,0,0.0106,0.0143,0.0578,0.0802
0.001863439,0.0032,0,0,0,0,0,0.0143,0.061,0.077
0.001873555,0.0032,0,0,0,0,0,0.025,0.0642,0.077
0.00188367,0.0032,0,0,0,0,0,0.0179,0.0642,0.077
0.001893786,0.0032,0,0,0,0,0.0071,0.025,0.0642,0.077
0.001903902,0.0032,0,0,0,0,0,0.0179,0.0642,0.0802
0.001914018,0,0,0,0,0,0.0106,0.025,0.0642,0.0802
0.001924133,0,0,0,0,0,0,0.0179,0.0674,0.0802
0.001934249,0.0032,0,0,0,0,0.0071,0.0179,0.0674,0.0802
0.001944366,0,0,0,0,0,0,0.0179,0.0674,0.0802
0.001954482,0.0032,0,0,0,0,0,0.025,0.0674,0.0802
0.001964597,0.0032,0,0,0,0,0,0.0179,0.0706,0.0802
0.001974713,0.0032,0,0,0,0,0,0.025,0.0706,0.0802
0.001984829,0.0032,0,0,0,0,0,0.025,0.0706,0.0802
0.001994945,0.0032,0,0,0,0,0,0.025,0.0738,0.0802
0.002005061,0.0032,0,0,0,0,0,0.0179,0.0738,0.0802
0.002015176,0,0,0,0,0,0.0106,0.025,0.0738,0.0802
0.002025292,0.0032,0,0,0,0,0,0.025,0.077,0.0802
0.002035408,0.0032,0,0,0,0,0,0.0179,0.077,0.0802
0.002045524,0.0032,0,0,0,0,0,0.0179,0.077,0.0802
0.00205564,0.0032,0,0,0,0,0,0.0179,0.077,0.0802
0.002065756,0.0032,0,0,0,0,0,0.0179,0.0802,0.0802
0.002075872,0.0032,0,0,0,0,0.0106,0.0179,0.0802,0.0802
0.002085988,0.0032,0,0,0,0,0.0106,0.0286,0.0802,0.0802
0.002096103,0.0032,0,0,0,0.0032,0.0036,0.0286,0.0802,0.0802
0.002106219,0.0032,0,0,0,0.0032,0.0141,0.0286,0.0802,0.0802
0.002116335,0.0032,0,0.0032,0,0.0064,0.0141,0.0286,0.0802,0.0802
0.002126451,0.0032,0,0.0064,0,0.0096,0.0036,0.025,0.0802,0.0835
0.002136567,0.0032,0,0.0096,0,0.0128,0.0071,0.0215,0.0802,0.0835
0.002146682,0.0064,0,0.0128,0.0032,0.016,0.0071,0.0215,0.0802,0.0802
0.002156798,0.0096,0,0.016,0.0064,0.0193,0.0071,0.0286,0.0802,0.0802
0.002166915,0.0128,0,0.0193,0.0096,0.0193,0.0141,0.0286,0.0802,0.0835
0.002177031,0.016,0,0.0193,0.0128,0.0225,0.0141,0.0286,0.0802,0.0835
0.002187146,0.0193,0,0.0225,0.0128,0.0225,0.0071,0.0215,0.0802,0.0835
0.002197262,0.0225,0,0.0257,0.016,0.0225,0.0176,0.0215,0.0802,0.0835
0.002207378,0.0257,0,0.0257,0.0193,0.0257,0.0176,0.0215,0.0802,0.0835
0.002217494,0.0289,0,0.0289,0.0193,0.0257,0.0176,0.0215,0.0802,0.0835
0.002247933,0.0353,0,0.0321,0.0225,0.0257,0.0176,0.0286,0.0802,0.0835
0.00225805,0.0385,0.0032,0.0353,0.0257,0.0289,0.0176,0.0215,0.0802,0.0835
0.002268165,0.0385,0.0032,0.0385,0.0257,0.0289,0.0106,0.0215,0.0802,0.0835
0.002278281,0.0417,0.0064,0.0385,0.0289,0.0289,0.0141,0.0215,0.0802,0.0835
0.002288397,0.0417,0.0096,0.0417,0.0289,0.0321,0.0141,0.0215,0.0802,0.0835
0.002298513,0.0449,0.0128,0.0449,0.0321,0.0321,0.0141,0.0215,0.0802,0.0835
0.002308629,0.0449,0.016,0.0481,0.0321,0.0321,0.0141,0.0286,0.0802,0.0835
0.002318744,0.0481,0.0193,0.0514,0.0353,0.0353,0.0211,0.0215,0.0802,0.0835
0.00232886,0.0514,0.0225,0.0546,0.0353,0.0353,0.0176,0.0286,0.0802,0.0835
0.002338976,0.0514,0.0257,0.0578,0.0385,0.0353,0.0247,0.0286,0.0802,0.0835
0.002349092,0.0546,0.0257,0.0578,0.0385,0.0385,0.0176,0.0215,0.0802,0.0835
0.002359207,0.0578,0.0289,0.061,0.0385,0.0385,0.0247,0.0215,0.0835,0.0835
0.002369324,0.0578,0.0321,0.0642,0.0385,0.0385,0.0176,0.0215,0.0835,0.0835
0.00237944,0.061,0.0353,0.0674,0.0417,0.0417,0.0176,0.0215,0.0835,0.0835
0.002389556,0.061,0.0353,0.0674,0.0417,0.0417,0.0211,0.0286,0.0835,0.0835
0.002399671,0.0642,0.0385,0.0706,0.0417,0.0449,0.0211,0.0215,0.0835,0.0835
0.002409787,0.0674,0.0385,0.0706,0.0449,0.0449,0.0282,0.0215,0.0835,0.0835
0.002419903,0.0674,0.0417,0.0706,0.0449,0.0449,0.0282,0.0215,0.0835,0.0835
0.002430019,0.0706,0.0449,0.0738,0.0449,0.0481,0.0282,0.0215,0.0835,0.0835
0.002440134,0.0738,0.0449,0.0738,0.0481,0.0481,0.0211,0.0286,0.0835,0.0835
0.00245025,0.0738,0.0481,0.0738,0.0481,0.0514,0.0211,0.0286,0.0835,0.0835
0.002460366,0.077,0.0514,0.0738,0.0481,0.0514,0.0282,0.0215,0.0835,0.0835
0.002470482,0.077,0.0514,0.077,0.0514,0.0546,0.0211,0.0215,0.0835,0.0835
0.002480598,0.0802,0.0546,0.077,0.0514,0.0546,0.0211,0.0286,0.0835,0.0835
0.002490714,0.0802,0.0578,0.077,0.0546,0.0546,0.0211,0.0286,0.0835,0.0835
0.00250083,0.0835,0.0578,0.077,0.0546,0.0578,0.0211,0.0215,0.0835,0.0835
0.002510946,0.0835,0.061,0.077,0.0578,0.0578,0.0282,0.0286,0.0835,0.0835
0.002521062,0.0867,0.0642,0.077,0.0578,0.061,0.0211,0.0286,0.0835,0.0835
0.002531177,0.0867,0.0642,0.077,0.0578,0.061,0.0247,0.0286,0.0835,0.0835
0.002541293,0.0867,0.0674,0.077,0.061,0.061,0.0282,0.0286,0.0835,0.0835
0.002551409,0.0867,0.0706,0.077,0.061,0.0642,0.0211,0.0215,0.0835,0.0835
0.002561525,0.0867,0.0706,0.077,0.061,0.0642,0.0211,0.0286,0.0835,0.0835
0.00257164,0.0899,0.0738,0.077,0.061,0.0642,0.0176,0.0215,0.0835,0.0835
0.002581756,0.0899,0.0738,0.077,0.0642,0.0642,0.0176,0.0215,0.0835,0.0835
0.002591873,0.0899,0.077,0.077,0.0642,0.0642,0.0247,0.0215,0.0835,0.0835
0.002601989,0.0899,0.077,0.077,0.0642,0.0642,0.0247,0.0215,0.0835,0.0835
0.002612104,0.0899,0.0802,0.077,0.0642,0.0642,0.0247,0.0215,0.0835,0.0835
0.00262222,0.0899,0.0835,0.077,0.0642,0.0642,0.0176,0.0215,0.0835,0.0835
0.002632336,0.0899,0.0835,0.0738,0.0674,0.0642,0.0176,0.0286,0.0835,0.0835
0.002642452,0.0899,0.0835,0.0738,0.0674,0.0642,0.0176,0.0286,0.0835,0.0835
0.002652567,0.0899,0.0867,0.0738,0.0674,0.0642,0.0247,0.0286,0.0835,0.0835
0.002662683,0.0899,0.0867,0.0738,0.0674,0.0642,0.0247,0.0286,0.0835,0.0835
0.002672799,0.0899,0.0867,0.0738,0.0674,0.0642,0.0176,0.0286,0.0835,0.0835
0.002682915,0.0899,0.0867,0.0738,0.0674,0.0642,0.0176,0.0286,0.0835,0.0835
0.002693031,0.0931,0.0899,0.0706,0.0674,0.0642,0.0176,0.0215,0.0835,0.0835
0.002703147,0.0931,0.0899,0.0706,0.0674,0.0642,0.0176,0.0286,0.0835,0.0835
0.002713263,0.0899,0.0931,0.0706,0.0674,0.0642,0.0176,0.0215,0.0835,0.0835
0.002723379,0.0899,0.0931,0.0706,0.0674,0.0642,0.0176,0.0215,0.0835,0.0835
0.002733495,0.0931,0.0931,0.0706,0.0674,0.0642,0.0176,0.0215,0.0835,0.0835
0.00274361,0.0931,0.0931,0.0674,0.0674,0.0642,0.0176,0.0286,0.0835,0.0835
0.002753726,0.0931,0.0931,0.0674,0.0674,0.0642,0.0176,0.0215,0.0835,0.0835
0.002763842,0.0899,0.0963,0.0674,0.0674,0.0642,0.0176,0.0215,0.0835,0.0835
0.002773958,0.0931,0.0963,0.0674,0.0674,0.0642,0.0176,0.0286,0.0835,0.0835
0.002784073,0.0931,0.0963,0.0674,0.0674,0.0642,0.0176,0.0215,0.0835,0.0835
0.002794189,0.0931,0.0995,0.0674,0.0674,0.0642,0.0247,0.0215,0.0835,0.0835
0.002804305,0.0931,0.1027,0.0642,0.0674,0.0674,0.0247,0.0215,0.0835,0.0835
0.002814422,0.0931,0.1027,0.0642,0.0674,0.0674,0.0176,0.0215,0.0835,0.0835
0.002824537,0.0931,0.1059,0.0642,0.0674,0.0674,0.0176,0.0215,0.0835,0.0835
0.002834653,0.0931,0.1059,0.0642,0.0674,0.0674,0.0176,0.0215,0.0835,0.0835
0.002844769,0.0931,0.1091,0.0642,0.0674,0.0674,0.0247,0.0215,0.0835,0.0835
0.002854885,0.0931,0.1123,0.0642,0.0674,0.0674,0.0176,0.0215,0.0835,0.0835
0.002865001,0.0931,0.1123,0.0642,0.0674,0.0674,0.0247,0.0286,0.0835,0.0835
0.002875116,0.0931,0.1156,0.0642,0.0674,0.0674,0.0247,0.0215,0.0835,0.0835
0.002885232,0.0931,0.1188,0.0642,0.0674,0.0706,0.0247,0.0286,0.0835,0.0835
0.002895348,0.0931,0.122,0.0642,0.0674,0.0674,0.0176,0.0215,0.0835,0.0835
0.002905464,0.0931,0.1252,0.0642,0.0674,0.0674,0.0247,0.0215,0.0835,0.0835
0.002915579,0.0931,0.1284,0.0642,0.0674,0.0706,0.0176,0.0215,0.0835,0.0835
0.002925696,0.0931,0.1316,0.0642,0.0674,0.0674,0.0176,0.0286,0.0835,0.0835
0.002935812,0.0931,0.1348,0.061,0.0674,0.0674,0.0247,0.0215,0.0835,0.0835
0.002945928,0.0931,0.1348,0.0642,0.0674,0.0674,0.0176,0.0286,0.0835,0.0835
0.002956044,0.0931,0.138,0.061,0.0674,0.0674,0.0176,0.0215,0.0835,0.0835
0.002966159,0.0931,0.1412,0.061,0.0674,0.0674,0.0176,0.0286,0.0835,0.0835
0.002976275,0.0931,0.1444,0.061,0.0674,0.0674,0.0247,0.0286,0.0835,0.0835
0.002986391,0.0931,0.1477,0.061,0.0674,0.0674,0.0176,0.0215,0.0835,0.0835
0.002996507,0.0931,0.1477,0.061,0.0674,0.0674,0.0247,0.0215,0.0867,0.0835
0.003006622,0.0931,0.1509,0.061,0.0674,0.0674,0.0176,0.0215,0.0867,0.0835
0.003016738,0.0963,0.1541,0.061,0.0674,0.0674,0.0176,0.0286,0.0867,0.0835
0.003026854,0.0931,0.1573,0.061,0.0674,0.0674,0.0176,0.0215,0.0867,0.0835
0.003036971,0.0963,0.1573,0.061,0.0674,0.0674,0.0176,0.0215,0.0867,0.0835
0.003047086,0.0963,0.1605,0.061,0.0674,0.0674,0.0247,0.0215,0.0867,0.0835
0.003057202,0.0963,0.1605,0.061,0.0674,0.0706,0.0176,0.0215,0.0867,0.0835
0.003067318,0.0963,0.1637,0.061,0.0674,0.0674,0.0176,0.0215,0.0867,0.0835
0.003077434,0.0963,0.1637,0.061,0.0674,0.0674,0.0176,0.0215,0.0867,0.0835
0.003087549,0.0963,0.1669,0.061,0.0674,0.0674,0.0247,0.0215,0.0867,0.0835
0.003097665,0.0963,0.1669,0.061,0.0674,0.0674,0.0247,0.0215,0.0867,0.0835
0.003107781,0.0963,0.1701,0.061,0.0674,0.0674,0.0247,0.0215,0.0867,0.0835
0.003117897,0.0963,0.1701,0.061,0.0674,0.0674,0.0176,0.0286,0.0867,0.0835
0.003128013,0.0963,0.1701,0.061,0.0674,0.0674,0.0176,0.0215,0.0867,0.0835
0.003138128,0.0963,0.1701,0.061,0.0674,0.0674,0.0176,0.0215,0.0867,0.0835
0.003148244,0.0963,0.1701,0.061,0.0674,0.0674,0.0176,0.0286,0.0867,0.0835
0.003158361,0.0963,0.1733,0.061,0.0674,0.0706,0.0247,0.0215,0.0867,0.0835
0.003168477,0.0963,0.1733,0.061,0.0674,0.0674,0.0176,0.0215,0.0867,0.0835
0.003178592,0.0963,0.1733,0.061,0.0674,0.0674,0.0176,0.0215,0.0867,0.0835
0.003188708,0.0963,0.1733,0.061,0.0674,0.0674,0.0176,0.0215,0.0867,0.0867
0.003198824,0.0963,0.1733,0.061,0.0674,0.0674,0.0176,0.0215,0.0867,0.0867
0.00320894,0.0963,0.1733,0.061,0.0674,0.0674,0.0176,0.0215,0.0867,0.0835
0.003219055,0.0963,0.1701,0.061,0.0674,0.0674,0.0176,0.0286,0.0867,0.0867
0.003229171,0.0963,0.1701,0.061,0.0674,0.0674,0.0247,0.0286,0.0867,0.0867
0.003239287,0.0963,0.1701,0.061,0.0706,0.0674,0.0176,0.0286,0.0867,0.0867
0.003249403,0.0963,0.1701,0.061,0.0674,0.0674,0.0247,0.0215,0.0867,0.0867
0.003259518,0.0963,0.1669,0.061,0.0706,0.0706,0.0247,0.0215,0.0867,0.0867
0.003269635,0.0963,0.1669,0.061,0.0706,0.0706,0.0247,0.0286,0.0867,0.0867
0.003279751,0.0963,0.1669,0.061,0.0706,0.0706,0.0247,0.0215,0.0867,0.0867
0.003289867,0.0963,0.1637,0.061,0.0706,0.0674,0.0176,0.0215,0.0867,0.0867
0.003299982,0.0931,0.1637,0.061,0.0706,0.0674,0.0247,0.0215,0.0867,0.0835
0.003310098,0.0963,0.1637,0.061,0.0706,0.0674,0.0247,0.0215,0.0867,0.0867
0.003320214,0.0931,0.1605,0.061,0.0706,0.0674,0.0247,0.0215,0.0867,0.0867
0.00333033,0.0931,0.1605,0.061,0.0706,0.0706,0.0176,0.0215,0.0867,0.0835
0.003340445,0.0931,0.1605,0.061,0.0706,0.0706,0.0176,0.0215,0.0867,0.0867
0.003350561,0.0931,0.1573,0.061,0.0706,0.0674,0.0176,0.0286,0.0867,0.0867
0.003360677,0.0931,0.1573,0.061,0.0706,0.0706,0.0247,0.0286,0.0867,0.0835
0.003370793,0.0931,0.1541,0.061,0.0706,0.0706,0.0176,0.0286,0.0867,0.0867
0.003380909,0.0931,0.1541,0.061,0.0706,0.0706,0.0247,0.0215,0.0867,0.0867
0.003391025,0.0931,0.1541,0.061,0.0706,0.0706,0.0176,0.0215,0.0867,0.0835
0.003401141,0.0931,0.1509,0.061,0.0706,0.0706,0.0176,0.0215,0.0867,0.0867
0.003411257,0.0931,0.1509,0.061,0.0706,0.0706,0.0247,0.0215,0.0867,0.0867
0.003421373,0.0931,0.1477,0.061,0.0706,0.0706,0.0176,0.0286,0.0867,0.0835
0.003431488,0.0931,0.1477,0.061,0.0706,0.0706,0.0247,0.0286,0.0867,0.0835
0.003441604,0.0931,0.1444,0.061,0.0706,0.0706,0.0176,0.0215,0.0867,0.0867
0.00345172,0.0931,0.1444,0.061,0.0706,0.0706,0.0176,0.0215,0.0835,0.0835
0.003461836,0.0931,0.1412,0.061,0.0706,0.0706,0.0176,0.0215,0.0867,0.0835
0.003471951,0.0931,0.1412,0.061,0.0706,0.0706,0.0247,0.0215,0.0835,0.0835
0.003482067,0.0931,0.1412,0.061,0.0706,0.0706,0.0176,0.0215,0.0835,0.0835
0.003492184,0.0931,0.138,0.061,0.0706,0.0706,0.0176,0.0215,0.0835,0.0835
0.0035023,0.0931,0.138,0.061,0.0706,0.0706,0.0247,0.0286,0.0835,0.0835
0.003512415,0.0931,0.1348,0.061,0.0706,0.0706,0.0176,0.0215,0.0835,0.0835
0.003522531,0.0931,0.1348,0.061,0.0706,0.0706,0.0176,0.0215,0.0835,0.0835
0.003532647,0.0931,0.1316,0.061,0.0706,0.0706,0.0247,0.0215,0.0835,0.0835
0.003542763,0.0931,0.1316,0.061,0.0706,0.0706,0.0247,0.0286,0.0835,0.0835
0.003552878,0.0931,0.1284,0.061,0.0706,0.0706,0.0247,0.0322,0.0835,0.0835
0.003562994,0.0931,0.1284,0.061,0.0706,0.0706,0.0176,0.0215,0.0835,0.0835
0.00357311,0.0931,0.1284,0.061,0.0706,0.0706,0.0247,0.0286,0.0835,0.0835
0.003583226,0.0931,0.1252,0.061,0.0706,0.0706,0.0176,0.0215,0.0835,0.0835
0.003593342,0.0899,0.1252,0.061,0.0706,0.0706,0.0176,0.0215,0.0835,0.0835
0.003603458,0.0899,0.122,0.061,0.0706,0.0706,0.0176,0.0215,0.0835,0.0835
0.003613574,0.0899,0.122,0.061,0.0706,0.0706,0.0247,0.0215,0.0867,0.0835
0.00362369,0.0899,0.1188,0.061,0.0706,0.0706,0.0176,0.0322,0.0867,0.0835
0.003633806,0.0899,0.1188,0.061,0.0706,0.0706,0.0176,0.0322,0.0835,0.0835
0.003643921,0.0899,0.1188,0.061,0.0706,0.0706,0.0176,0.025,0.0835,0.0835
0.003654037,0.0899,0.1156,0.061,0.0706,0.0706,0.0247,0.0322,0.0867,0.0867
0.003664153,0.0899,0.1156,0.061,0.0706,0.0706,0.0176,0.025,0.0867,0.0835
0.003674269,0.0899,0.1156,0.061,0.0706,0.0706,0.0247,0.0215,0.0867,0.0835
0.003684384,0.0899,0.1123,0.061,0.0706,0.0706,0.0247,0.0322,0.0867,0.0835
0.0036945,0.0899,0.1123,0.061,0.0706,0.0706,0.0176,0.0215,0.0867,0.0835
0.003704616,0.0899,0.1091,0.061,0.0706,0.0706,0.0176,0.0322,0.0867,0.0835
0.003714733,0.0899,0.1091,0.061,0.0706,0.0706,0.0176,0.0215,0.0867,0.0835
0.003724848,0.0899,0.1091,0.061,0.0706,0.0706,0.0176,0.025,0.0867,0.0835
0.003734964,0.0899,0.1059,0.061,0.0706,0.0706,0.0247,0.0215,0.0867,0.0835
0.00374508,0.0899,0.1059,0.061,0.0706,0.0706,0.0247,0.0215,0.0867,0.0835
0.003755196,0.0899,0.1059,0.061,0.0706,0.0706,0.0176,0.0215,0.0867,0.0835
0.003765312,0.0899,0.1027,0.061,0.0706,0.0706,0.0176,0.0215,0.0867,0.0835
0.003775427,0.0899,0.1027,0.061,0.0674,0.0706,0.0247,0.0215,0.0867,0.0835
0.003785543,0.0899,0.1027,0.061,0.0706,0.0706,0.0176,0.0215,0.0867,0.0835
0.003795659,0.0899,0.1027,0.061,0.0706,0.0706,0.0176,0.0215,0.0867,0.0835
0.003805775,0.0867,0.0995,0.061,0.0706,0.0706,0.0247,0.0215,0.0867,0.0835
0.00381589,0.0899,0.0995,0.061,0.0706,0.0706,0.0247,0.0215,0.0867,0.0835
0.003826007,0.0867,0.0995,0.061,0.0706,0.0706,0.0176,0.0215,0.0867,0.0835
0.003836123,0.0867,0.0995,0.061,0.0706,0.0706,0.0176,0.0215,0.0867,0.0835
0.003846239,0.0867,0.0963,0.061,0.0706,0.0706,0.0176,0.0322,0.0867,0.0835
0.003856354,0.0867,0.0963,0.061,0.0706,0.0706,0.0247,0.0215,0.0867,0.0835
0.00386647,0.0867,0.0963,0.061,0.0706,0.0706,0.0247,0.0215,0.0867,0.0835
0.003876586,0.0867,0.0963,0.061,0.0706,0.0706,0.0176,0.0215,0.0867,0.0835
0.003886702,0.0867,0.0931,0.061,0.0706,0.0706,0.0247,0.0215,0.0867,0.0835
0.003896817,0.0867,0.0931,0.061,0.0706,0.0706,0.0176,0.0215,0.0867,0.0835
0.003906933,0.0867,0.0931,0.061,0.0706,0.0706,0.0176,0.0286,0.0867,0.0835
0.003917049,0.0867,0.0931,0.061,0.0706,0.0706,0.0247,0.0215,0.0867,0.0835
0.003927165,0.0867,0.0931,0.061,0.0706,0.0706,0.0176,0.0215,0.0867,0.0835
0.003937281,0.0867,0.0899,0.061,0.0706,0.0706,0.0247,0.0286,0.0867,0.0835
0.003947397,0.0867,0.0899,0.061,0.0706,0.0706,0.0247,0.0286,0.0867,0.0835
0.003957513,0.0867,0.0899,0.061,0.0706,0.0706,0.0247,0.0215,0.0867,0.0835
0.003967628,0.0867,0.0899,0.061,0.0706,0.0706,0.0247,0.0215,0.0835,0.0835
0.003977745,0.0835,0.0899,0.061,0.0706,0.0706,0.0247,0.0215,0.0835,0.0835
0.00398786,0.0835,0.0867,0.061,0.0706,0.0706,0.0176,0.0286,0.0867,0.0835
0.003997976,0.0835,0.0867,0.061,0.0706,0.0706,0.0247,0.0286,0.0835,0.0835
0.004008092,0.0835,0.0867,0.0578,0.0706,0.0706,0.0176,0.0215,0.0835,0.0835
0.004018208,0.0835,0.0867,0.061,0.0706,0.0706,0.0247,0.0215,0.0835,0.0835
0.004028323,0.0835,0.0867,0.061,0.0706,0.0706,0.0176,0.0215,0.0835,0.0835
0.004038439,0.0835,0.0835,0.061,0.0706,0.0706,0.0247,0.0286,0.0835,0.0835
0.004048556,0.0835,0.0835,0.061,0.0706,0.0706,0.0176,0.0286,0.0835,0.0835
0.004058672,0.0835,0.0835,0.061,0.0706,0.0706,0.0247,0.0286,0.0835,0.0835
0.004068789,0.0835,0.0835,0.061,0.0706,0.0706,0.0247,0.0215,0.0835,0.0835
0.004078903,0.0835,0.0835,0.061,0.0706,0.0706,0.0176,0.0215,0.0835,0.0835
0.004089019,0.0835,0.0835,0.061,0.0706,0.0706,0.0176,0.0215,0.0835,0.0835
0.004099135,0.0835,0.0835,0.061,0.0706,0.0706,0.0176,0.0286,0.0835,0.0835
0.004109251,0.0835,0.0835,0.061,0.0706,0.0706,0.0247,0.0286,0.0835,0.0835
0.004119366,0.0835,0.0835,0.0578,0.0706,0.0706,0.0176,0.0215,0.0835,0.0835
0.004129482,0.0835,0.0835,0.0578,0.0706,0.0706,0.0176,0.0215,0.0835,0.0835
0.004139598,0.0802,0.0835,0.0578,0.0706,0.0706,0.0176,0.0286,0.0835,0.0867
0.004149714,0.0802,0.0802,0.0578,0.0706,0.0706,0.0176,0.0215,0.0835,0.0867
0.00415983,0.0802,0.0802,0.0578,0.0706,0.0706,0.0176,0.0215,0.0835,0.0835
0.004169946,0.0802,0.0802,0.0578,0.0706,0.0706,0.0176,0.0215,0.0835,0.0867
0.004180062,0.0802,0.0802,0.061,0.0706,0.0706,0.0247,0.0215,0.0835,0.0867
0.004190178,0.0802,0.0802,0.0578,0.0706,0.0706,0.0247,0.0215,0.0835,0.0835
0.004200293,0.0802,0.0802,0.061,0.0706,0.0706,0.0176,0.0215,0.0835,0.0867
0.004210409,0.0802,0.0802,0.0578,0.0706,0.0706,0.0247,0.0215,0.0835,0.0867
0.004220525,0.0802,0.0802,0.0578,0.0706,0.0706,0.0247,0.0215,0.0835,0.0867
0.004230641,0.0802,0.0802,0.061,0.0706,0.0706,0.0176,0.0215,0.0835,0.0867
0.004240756,0.0802,0.0802,0.0578,0.0706,0.0706,0.0247,0.0286,0.0835,0.0867
0.004250872,0.0802,0.0802,0.0578,0.0706,0.0706,0.0247,0.0286,0.0835,0.0867
0.004260988,0.0802,0.0802,0.061,0.0706,0.0706,0.0247,0.0215,0.0835,0.0867
0.004271105,0.0802,0.0802,0.061,0.0706,0.0706,0.0247,0.0215,0.0835,0.0867
0.00428122,0.0802,0.0802,0.0578,0.0706,0.0706,0.0176,0.0215,0.0835,0.0867
0.004291336,0.0802,0.0802,0.0578,0.0706,0.0706,0.0176,0.0215,0.0835,0.0835
0.004301452,0.0802,0.0802,0.061,0.0706,0.0706,0.0247,0.0215,0.0835,0.0835
0.004311568,0.0802,0.0802,0.061,0.0706,0.0706,0.0247,0.0286,0.0835,0.0835
0.004321684,0.077,0.0802,0.0578,0.0706,0.0706,0.0176,0.0286,0.0835,0.0835
0.004331799,0.0802,0.0802,0.061,0.0674,0.0706,0.0176,0.0286,0.0835,0.0835
0.004341915,0.077,0.0802,0.0578,0.0706,0.0706,0.0176,0.0215,0.0835,0.0835
0.004352031,0.077,0.0802,0.061,0.0706,0.0706,0.0247,0.0215,0.0835,0.0835
0.004362147,0.077,0.0802,0.0578,0.0706,0.0706,0.0176,0.0215,0.0835,0.0835
0.004372263,0.077,0.0802,0.061,0.0706,0.0706,0.0176,0.0322,0.0835,0.0835
0.004382379,0.077,0.0802,0.061,0.0706,0.0706,0.0176,0.0215,0.0835,0.0835
0.004392495,0.077,0.077,0.061,0.0706,0.0706,0.0176,0.0215,0.0835,0.0835
0.004402611,0.077,0.0802,0.0578,0.0706,0.0706,0.0176,0.0215,0.0835,0.0835
0.004412727,0.077,0.0802,0.0578,0.0706,0.0706,0.0247,0.0215,0.0835,0.0835
0.004422842,0.077,0.077,0.0578,0.0706,0.0706,0.0247,0.0215,0.0835,0.0835
0.004432958,0.077,0.0802,0.0578,0.0706,0.0706,0.0176,0.0215,0.0835,0.0835
0.004443074,0.077,0.0802,0.0578,0.0706,0.0706,0.0247,0.0286,0.0835,0.0835
0.00445319,0.077,0.077,0.061,0.0706,0.0706,0.0176,0.0215,0.0867,0.0835
0.004463305,0.077,0.077,0.061,0.0706,0.0706,0.0247,0.0286,0.0835,0.0835
0.004473421,0.077,0.077,0.0578,0.0706,0.0738,0.0247,0.0215,0.0867,0.0835
0.004483537,0.077,0.077,0.0578,0.0706,0.0738,0.0247,0.0215,0.0835,0.0835
0.004493654,0.077,0.077,0.0578,0.0706,0.0738,0.0176,0.0215,0.0835,0.0835
0.004503769,0.077,0.077,0.061,0.0706,0.0738,0.0176,0.0215,0.0835,0.0835
0.004513885,0.077,0.077,0.061,0.0706,0.0738,0.0176,0.0215,0.0867,0.0835
0.004524001,0.077,0.077,0.0578,0.0706,0.0738,0.0176,0.0215,0.0867,0.0835
0.004534117,0.077,0.077,0.061,0.0706,0.0738,0.0176,0.0215,0.0835,0.0835
0.004544232,0.077,0.077,0.061,0.0706,0.0738,0.0176,0.0215,0.0835,0.0835
0.004554348,0.077,0.077,0.061,0.0706,0.0738,0.0176,0.0215,0.0835,0.0835
0.004564464,0.077,0.077,0.0578,0.0706,0.0738,0.0176,0.0215,0.0835,0.0835
0.00457458,0.0738,0.077,0.0578,0.0706,0.0738,0.0247,0.0215,0.0835,0.0835
0.004584695,0.077,0.077,0.061,0.0706,0.0738,0.0176,0.0215,0.0835,0.0835
0.00459481,0.0738,0.077,0.061,0.0706,0.0738,0.0176,0.0215,0.0835,0.0835
0.004604928,0.0738,0.077,0.0578,0.0706,0.0738,0.0176,0.0215,0.0835,0.0835
0.004615044,0.0738,0.077,0.0578,0.0706,0.0738,0.0247,0.0215,0.0835,0.0835
0.004625159,0.0738,0.077,0.0578,0.0706,0.0738,0.0247,0.0286,0.0835,0.0835
0.004635275,0.0738,0.077,0.0578,0.0706,0.0738,0.0176,0.0215,0.0835,0.0835
0.004645391,0.0738,0.077,0.0578,0.0706,0.0738,0.0176,0.0215,0.0835,0.0835
0.004655507,0.0738,0.077,0.0578,0.0706,0.0738,0.0176,0.0286,0.0835,0.0835
0.004665622,0.0738,0.077,0.0578,0.0706,0.0738,0.0247,0.0215,0.0835,0.0835
0.004675738,0.0738,0.077,0.0578,0.0706,0.0738,0.0247,0.0215,0.0835,0.0835
0.004685854,0.0738,0.077,0.061,0.0706,0.0738,0.0176,0.0215,0.0835,0.0835
0.00469597,0.0738,0.077,0.0578,0.0706,0.0738,0.0176,0.0215,0.0835,0.0835
0.004706085,0.0738,0.077,0.061,0.0706,0.0738,0.0176,0.0286,0.0835,0.0835
0.004716201,0.0738,0.077,0.0578,0.0706,0.0738,0.0176,0.0286,0.0835,0.0835
0.004726318,0.0738,0.077,0.061,0.0706,0.0738,0.0176,0.0215,0.0835,0.0835
0.004736434,0.0738,0.077,0.0578,0.0706,0.0738,0.0176,0.0215,0.0835,0.0835
0.004746549,0.0738,0.077,0.0578,0.0706,0.0738,0.0247,0.0215,0.0835,0.0835
0.004756665,0.0738,0.077,0.0578,0.0706,0.0738,0.0176,0.0286,0.0835,0.0835
0.004766781,0.0738,0.077,0.061,0.0706,0.0738,0.0176,0.0286,0.0835,0.0835
0.004776897,0.0738,0.077,0.061,0.0706,0.0738,0.0176,0.0322,0.0835,0.0835
0.004787012,0.0738,0.077,0.0578,0.0706,0.0738,0.0247,0.0215,0.0835,0.0867
0.004797128,0.0738,0.077,0.0578,0.0706,0.0738,0.0176,0.0286,0.0835,0.0835
0.004807244,0.0738,0.077,0.0578,0.0706,0.0738,0.0247,0.0215,0.0835,0.0835
0.00481736,0.0738,0.077,0.0578,0.0706,0.0738,0.0247,0.0215,0.0835,0.0835
0.004827475,0.0738,0.077,0.0578,0.0706,0.0738,0.0247,0.0286,0.0835,0.0835
0.004837592,0.0738,0.077,0.0578,0.0706,0.0738,0.0176,0.0215,0.0835,0.0835
0.004847708,0.0738,0.0738,0.0578,0.0706,0.0738,0.0247,0.0286,0.0835,0.0835
0.004857824,0.0738,0.077,0.0578,0.0706,0.0738,0.0176,0.0286,0.0835,0.0835
0.004867939,0.0738,0.077,0.0578,0.0706,0.0738,0.0247,0.0215,0.0835,0.0835
0.004878055,0.0738,0.077,0.0578,0.0706,0.0738,0.0176,0.0215,0.0835,0.0835
0.004888171,0.0738,0.077,0.0578,0.0706,0.0738,0.0247,0.0215,0.0835,0.0835
0.004898287,0.0738,0.077,0.0578,0.0706,0.0738,0.0176,0.0215,0.0835,0.0835
0.004908402,0.0738,0.077,0.0578,0.0706,0.0738,0.0176,0.0215,0.0835,0.0835
0.004918518,0.0738,0.077,0.0578,0.0706,0.0738,0.0176,0.0215,0.0835,0.0835
0.004928634,0.0738,0.077,0.0578,0.0706,0.077,0.0176,0.0215,0.0835,0.0835
0.00493875,0.0738,0.0738,0.0578,0.0706,0.077,0.0176,0.0215,0.0835,0.0867
0.004948866,0.0738,0.077,0.0578,0.0706,0.077,0.0176,0.025,0.0835,0.0835
0.004958982,0.0738,0.077,0.0578,0.0706,0.077,0.0176,0.0322,0.0835,0.0867
0.004969098,0.0738,0.077,0.0578,0.0706,0.077,0.0247,0.0286,0.0835,0.0867
0.004979214,0.0738,0.077,0.0578,0.0706,0.077,0.0247,0.0286,0.0835,0.0867
0.004989329,0.0706,0.077,0.0578,0.0706,0.077,0.0176,0.0322,0.0867,0.0867
0.004999444,0.0738,0.077,0.0578,0.0706,0.077,0.0247,0.0322,0.0835,0.0867
0.005009561,0.0738,0.077,0.0578,0.0706,0.077,0.0176,0.0322,0.0835,0.0867
0.005019677,0.0738,0.077,0.0578,0.0706,0.077,0.0247,0.025,0.0835,0.0867
0.005029792,0.0738,0.077,0.0578,0.0706,0.077,0.0176,0.025,0.0835,0.0867
0.005039907,0.0738,0.077,0.0578,0.0706,0.077,0.0176,0.025,0.0835,0.0867
0.005050024,0.0706,0.077,0.0578,0.0706,0.077,0.0176,0.025,0.0867,0.0867
0.005060141,0.0738,0.077,0.0578,0.0706,0.077,0.0247,0.0322,0.0867,0.0867
0.005070257,0.0738,0.0738,0.0578,0.0706,0.077,0.0247,0.0322,0.0835,0.0867
0.005080372,0.0706,0.077,0.0578,0.0706,0.077,0.0176,0.025,0.0867,0.0867
0.005090488,0.0706,0.077,0.0578,0.0706,0.077,0.0176,0.025,0.0867,0.0867
0.005100604,0.0706,0.0738,0.0578,0.0706,0.077,0.0247,0.025,0.0867,0.0867
0.005110721,0.0706,0.077,0.061,0.0706,0.077,0.0176,0.0322,0.0867,0.0867
0.005120835,0.0706,0.077,0.0578,0.0706,0.077,0.0247,0.0322,0.0867,0.0867
0.005130951,0.0706,0.077,0.0578,0.0706,0.077,0.0176,0.025,0.0867,0.0867
0.005141067,0.0706,0.0738,0.0578,0.0706,0.077,0.0247,0.025,0.0867,0.0867
0.005151183,0.0706,0.077,0.0578,0.0706,0.077,0.0247,0.0322,0.0867,0.0867
0.005161298,0.0706,0.077,0.0578,0.0706,0.077,0.0247,0.0322,0.0867,0.0867
0.005171414,0.0706,0.077,0.0578,0.0706,0.077,0.0247,0.025,0.0867,0.0867
0.005181531,0.0706,0.077,0.0578,0.0706,0.077,0.0176,0.0322,0.0867,0.0867
0.005191647,0.0706,0.0738,0.0578,0.0706,0.077,0.0247,0.025,0.0867,0.0867
0.005201762,0.0706,0.077,0.0578,0.0706,0.077,0.0247,0.0322,0.0867,0.0867
0.005211878,0.0706,0.077,0.061,0.0706,0.077,0.0247,0.025,0.0867,0.0867
0.005221994,0.0706,0.077,0.061,0.0706,0.077,0.0176,0.0322,0.0867,0.0867
0.00523211,0.0706,0.077,0.0578,0.0706,0.077,0.0247,0.025,0.0867,0.0867
0.005242226,0.0706,0.0738,0.0578,0.0706,0.077,0.0176,0.025,0.0867,0.0867
0.005252341,0.0706,0.077,0.0578,0.0706,0.077,0.0247,0.025,0.0867,0.0867
0.005262457,0.0706,0.077,0.0578,0.0706,0.077,0.0176,0.025,0.0899,0.0867
0.005272573,0.0706,0.077,0.0578,0.0706,0.077,0.0247,0.025,0.0899,0.0867
0.005282689,0.0706,0.077,0.0578,0.0706,0.077,0.0247,0.025,0.0899,0.0867
0.005292805,0.0706,0.0738,0.0578,0.0706,0.077,0.0176,0.0322,0.0899,0.0867
0.005302921,0.0706,0.077,0.0578,0.0706,0.077,0.0247,0.025,0.0899,0.0867
0.005313037,0.0706,0.077,0.061,0.0706,0.077,0.0176,0.025,0.0899,0.0867
0.005323153,0.0706,0.0738,0.061,0.0706,0.077,0.0176,0.0322,0.0899,0.0867
0.005333268,0.0706,0.0738,0.061,0.0706,0.077,0.0247,0.025,0.0899,0.0867
0.005343384,0.0706,0.077,0.0578,0.0706,0.077,0.0176,0.025,0.0899,0.0867
0.005353499,0.0706,0.077,0.0578,0.0706,0.077,0.0176,0.0322,0.0899,0.0867
0.005363616,0.0706,0.0738,0.0578,0.0706,0.077,0.0247,0.0322,0.0899,0.0867
0.005373731,0.0706,0.0738,0.061,0.0706,0.077,0.0247,0.025,0.0899,0.0867
0.005383847,0.0706,0.077,0.061,0.0706,0.077,0.0176,0.025,0.0899,0.0867
0.005393963,0.0706,0.0738,0.0578,0.0706,0.077,0.0176,0.025,0.0899,0.0867
0.005404079,0.0706,0.0738,0.061,0.0706,0.077,0.0247,0.025,0.0899,0.0867
0.005414196,0.0706,0.077,0.0578,0.0706,0.077,0.0176,0.025,0.0899,0.0867
0.005424311,0.0706,0.077,0.0578,0.0706,0.077,0.0176,0.0322,0.0899,0.0867
0.005434427,0.0706,0.077,0.061,0.0706,0.077,0.0176,0.025,0.0899,0.0867
0.005444543,0.0706,0.0738,0.061,0.0706,0.077,0.0247,0.025,0.0899,0.0867
0.005454659,0.0706,0.0738,0.061,0.0706,0.077,0.0176,0.0322,0.0899,0.0867
0.005464774,0.0706,0.077,0.061,0.0738,0.077,0.0247,0.025,0.0899,0.0867
0.00547489,0.0706,0.077,0.061,0.0706,0.077,0.0176,0.025,0.0899,0.0867
0.005485006,0.0706,0.077,0.061,0.0706,0.077,0.0176,0.0322,0.0867,0.0867
0.005495122,0.0706,0.0738,0.061,0.0738,0.077,0.0176,0.0322,0.0867,0.0867
0.005505238,0.0706,0.077,0.061,0.0738,0.077,0.0176,0.025,0.0867,0.0867
0.005515354,0.0706,0.0738,0.061,0.0738,0.077,0.0176,0.025,0.0867,0.0867
0.00552547,0.0706,0.077,0.061,0.0738,0.077,0.0247,0.0322,0.0867,0.0867
0.005535584,0.0706,0.0738,0.061,0.0738,0.077,0.0176,0.025,0.0867,0.0867
0.005545701,0.0706,0.0738,0.061,0.0738,0.077,0.0247,0.025,0.0867,0.0867
0.005555817,0.0706,0.0738,0.061,0.0738,0.077,0.0176,0.025,0.0867,0.0867
0.005565933,0.0706,0.0738,0.061,0.0738,0.077,0.0247,0.025,0.0867,0.0867
0.005576049,0.0706,0.0738,0.061,0.0738,0.077,0.0176,0.025,0.0867,0.0867
0.005586164,0.0706,0.077,0.061,0.0738,0.077,0.0176,0.025,0.0867,0.0867
0.00559628,0.0706,0.0738,0.061,0.0738,0.077,0.0247,0.025,0.0867,0.0867
0.005606396,0.0706,0.077,0.061,0.0738,0.077,0.0176,0.025,0.0867,0.0867
0.005616513,0.0706,0.077,0.061,0.0738,0.077,0.0176,0.0322,0.0867,0.0867
0.005626628,0.0706,0.077,0.061,0.0738,0.077,0.0176,0.025,0.0867,0.0867
0.005636744,0.0706,0.077,0.061,0.0738,0.077,0.0176,0.0322,0.0867,0.0867
0.00564686,0.0706,0.077,0.061,0.0738,0.077,0.0247,0.025,0.0867,0.0867
0.005656976,0.0706,0.0738,0.061,0.0706,0.077,0.0247,0.025,0.0867,0.0867
0.005667091,0.0706,0.0738,0.061,0.0706,0.077,0.0247,0.025,0.0867,0.0867
0.005677207,0.0706,0.0738,0.061,0.0706,0.077,0.0247,0.025,0.0867,0.0867
0.005687323,0.0706,0.077,0.061,0.0706,0.077,0.0247,0.025,0.0867,0.0867
0.005697439,0.0706,0.077,0.061,0.0738,0.077,0.0247,0.0322,0.0867,0.0867
0.005707554,0.0706,0.077,0.061,0.0706,0.077,0.0176,0.025,0.0867,0.0867
0.00571767,0.0706,0.077,0.061,0.0706,0.077,0.0176,0.025,0.0867,0.0867
0.005727787,0.0706,0.077,0.061,0.0706,0.077,0.0176,0.025,0.0867,0.0867
0.005737903,0.0706,0.0738,0.061,0.0706,0.077,0.0176,0.025,0.0867,0.0867
0.005748018,0.0706,0.0738,0.061,0.0706,0.077,0.0176,0.025,0.0867,0.0867
0.005758134,0.0706,0.077,0.061,0.0706,0.077,0.0247,0.025,0.0867,0.0867
0.00576825,0.0706,0.077,0.061,0.0706,0.077,0.0176,0.025,0.0867,0.0867
0.005778366,0.0706,0.077,0.061,0.0706,0.077,0.0247,0.025,0.0867,0.0867
0.005788482,0.0706,0.0738,0.061,0.0706,0.077,0.0247,0.025,0.0867,0.0867
0.005798597,0.0706,0.0738,0.061,0.0706,0.077,0.0176,0.0322,0.0867,0.0899
0.005808713,0.0706,0.077,0.061,0.0706,0.077,0.0176,0.025,0.0867,0.0867
0.005818829,0.0706,0.077,0.061,0.0706,0.077,0.0176,0.025,0.0867,0.0899
0.005828945,0.0706,0.077,0.061,0.0706,0.077,0.0176,0.025,0.0867,0.0867
0.005839061,0.0706,0.0738,0.061,0.0706,0.077,0.0247,0.025,0.0867,0.0867
0.005849177,0.0706,0.0738,0.061,0.0706,0.077,0.0247,0.025,0.0867,0.0867
0.005859293,0.0706,0.077,0.061,0.0706,0.077,0.0176,0.0322,0.0867,0.0867
0.005869409,0.0706,0.077,0.061,0.0706,0.077,0.0176,0.0322,0.0867,0.0867
0.005879524,0.0706,0.0738,0.061,0.0706,0.077,0.0247,0.0322,0.0867,0.0867
0.00588964,0.0706,0.077,0.061,0.0706,0.077,0.0247,0.025,0.0867,0.0867
0.005899756,0.0706,0.0738,0.061,0.0706,0.077,0.0176,0.025,0.0867,0.0867
0.005909872,0.0706,0.077,0.061,0.0706,0.077,0.0176,0.025,0.0867,0.0867
0.005919987,0.0706,0.077,0.061,0.0706,0.077,0.0176,0.0322,0.0867,0.0867
0.005930103,0.0706,0.077,0.061,0.0706,0.077,0.0176,0.0322,0.0867,0.0867
0.005940219,0.0706,0.0738,0.061,0.0706,0.077,0.0176,0.025,0.0867,0.0867
0.005950336,0.0706,0.077,0.061,0.0706,0.077,0.0176,0.025,0.0867,0.0867
0.005960451,0.0706,0.0738,0.061,0.0706,0.077,0.0176,0.025,0.0867,0.0867
0.005970567,0.0706,0.077,0.061,0.0706,0.077,0.0247,0.0322,0.0867,0.0867
0.005980683,0.0706,0.077,0.061,0.0706,0.077,0.0247,0.0322,0.0867,0.0867
0.005990799,0.0706,0.077,0.061,0.0706,0.077,0.0247,0.0322,0.0867,0.0867
0.006000914,0.0706,0.077,0.061,0.0706,0.077,0.0176,0.025,0.0867,0.0867
0.00601103,0.0706,0.077,0.061,0.0706,0.077,0.0176,0.025,0.0867,0.0867
0.006021146,0.0706,0.077,0.061,0.0706,0.077,0.0176,0.025,0.0867,0.0867
0.006051532,0.0706,0.077,0.061,0.0706,0.077,0.0176,0.025,0.0867,0.0867
0.00606165,0.0706,0.077,0.061,0.0706,0.077,0.0247,0.025,0.0867,0.0867
0.006071767,0.0706,0.077,0.061,0.0706,0.077,0.0176,0.025,0.0867,0.0867
0.006081882,0.0706,0.077,0.061,0.0706,0.077,0.0247,0.0322,0.0867,0.0867
0.006091998,0.0706,0.0738,0.061,0.0706,0.077,0.0247,0.025,0.0867,0.0867
0.006102114,0.0706,0.077,0.061,0.0706,0.077,0.0176,0.025,0.0867,0.0867
0.00611223,0.0706,0.0738,0.061,0.0706,0.077,0.0247,0.025,0.0867,0.0867
0.006122346,0.0706,0.0738,0.061,0.0706,0.077,0.0247,0.025,0.0867,0.0867
0.006132461,0.0706,0.0738,0.061,0.0706,0.077,0.0176,0.025,0.0867,0.0867
0.006142577,0.0706,0.077,0.061,0.0706,0.077,0.0247,0.025,0.0867,0.0867
0.006152693,0.0706,0.0738,0.061,0.0706,0.077,0.0176,0.0322,0.0867,0.0899
0.006162809,0.0706,0.077,0.061,0.0706,0.077,0.0247,0.025,0.0867,0.0899
0.006172924,0.0706,0.077,0.061,0.0706,0.077,0.0247,0.0322,0.0867,0.0867
0.006183041,0.0706,0.0738,0.061,0.0706,0.077,0.0176,0.025,0.0867,0.0899
0.006193157,0.0706,0.0738,0.061,0.0706,0.077,0.0176,0.025,0.0867,0.0899
0.006203273,0.0706,0.077,0.061,0.0706,0.077,0.0176,0.025,0.0867,0.0899
0.006213388,0.0706,0.077,0.061,0.0706,0.077,0.0247,0.0322,0.0867,0.0899
0.006223504,0.0706,0.077,0.061,0.0706,0.077,0.0247,0.025,0.0867,0.0899
0.00623362,0.0706,0.077,0.061,0.0706,0.077,0.0176,0.0322,0.0867,0.0899
0.006243736,0.0706,0.0738,0.061,0.0738,0.077,0.0247,0.0322,0.0867,0.0899
0.006253851,0.0706,0.0738,0.061,0.0706,0.077,0.0176,0.0322,0.0867,0.0867
0.006263967,0.0706,0.0738,0.061,0.0706,0.077,0.0247,0.025,0.0867,0.0867
0.006274083,0.0706,0.0738,0.061,0.0706,0.077,0.0247,0.025,0.0867,0.0867
0.006284199,0.0706,0.077,0.061,0.0706,0.077,0.0247,0.0322,0.0899,0.0867
0.006294315,0.0706,0.0738,0.061,0.0706,0.077,0.0247,0.025,0.0899,0.0867
0.006304431,0.0706,0.0738,0.061,0.0706,0.077,0.0247,0.025,0.0899,0.0867
0.006314547,0.0706,0.0738,0.061,0.0706,0.077,0.0247,0.025,0.0899,0.0867
0.006324663,0.0706,0.077,0.061,0.0706,0.077,0.0247,0.025,0.0899,0.0867
0.006334779,0.0706,0.0738,0.061,0.0706,0.077,0.0247,0.025,0.0899,0.0867
0.006344893,0.0706,0.077,0.061,0.0706,0.077,0.0176,0.025,0.0899,0.0867
0.00635501,0.0706,0.077,0.061,0.0706,0.077,0.0176,0.0322,0.0899,0.0867
0.006365127,0.0706,0.077,0.061,0.0706,0.077,0.0247,0.0322,0.0899,0.0867
0.006375242,0.0706,0.077,0.061,0.0706,0.077,0.0176,0.025,0.0899,0.0867
0.006385357,0.0706,0.077,0.061,0.0706,0.077,0.0176,0.0322,0.0899,0.0867
0.006395473,0.0706,0.0738,0.061,0.0706,0.077,0.0176,0.025,0.0899,0.0867
0.006405591,0.0706,0.0738,0.061,0.0706,0.077,0.0176,0.025,0.0899,0.0867
0.006415706,0.0706,0.077,0.061,0.0738,0.077,0.0211,0.0322,0.0899,0.0867
0.006425821,0.0706,0.0738,0.061,0.0706,0.077,0.0176,0.025,0.0867,0.0867
0.006435937,0.0706,0.077,0.061,0.0706,0.077,0.0176,0.025,0.0867,0.0867
0.006446053,0.0706,0.077,0.061,0.0706,0.077,0.0176,0.0322,0.0899,0.0867
0.006456169,0.0706,0.0738,0.061,0.0738,0.077,0.0247,0.0322,0.0899,0.0867
0.006466284,0.0706,0.077,0.061,0.0706,0.077,0.0176,0.025,0.0899,0.0867
0.0064764,0.0706,0.077,0.061,0.0706,0.077,0.0247,0.025,0.0899,0.0867
0.006486516,0.0706,0.077,0.061,0.0706,0.077,0.0211,0.025,0.0899,0.0867
0.006496632,0.0706,0.077,0.061,0.0706,0.077,0.0176,0.0322,0.0899,0.0867
0.006506748,0.0706,0.0738,0.061,0.0706,0.077,0.0211,0.0322,0.0899,0.0867
0.006516864,0.0706,0.077,0.061,0.0706,0.077,0.0247,0.025,0.0899,0.0867
0.00652698,0.0706,0.077,0.061,0.0706,0.077,0.0247,0.0322,0.0899,0.0867
0.006537097,0.0706,0.077,0.061,0.0706,0.077,0.0247,0.025,0.0899,0.0867
0.006547212,0.0706,0.077,0.061,0.0706,0.077,0.0211,0.025,0.0899,0.0867
0.006567469,0.0706,0.0738,0.061,0.0706,0.077,0.0247,0.0322,0.0899,0.0867
0.006577661,0.0706,0.077,0.061,0.0706,0.077,0.0247,0.025,0.0899,0.0867
0.006597995,0.0706,0.0738,0.061,0.0706,0.077,0.0247,0.025,0.0899,0.0867
0.00660811,0.0706,0.077,0.061,0.0706,0.077,0.0211,0.025,0.0899,0.0867
0.006618227,0.0706,0.077,0.061,0.0706,0.077,0.0247,0.025,0.0931,0.0867
0.006628343,0.0706,0.077,0.061,0.0706,0.077,0.0247,0.025,0.0931,0.0867
0.006638458,0.0706,0.077,0.061,0.0706,0.077,0.0211,0.025,0.0931,0.0867
0.006648574,0.0706,0.077,0.061,0.0738,0.0802,0.0211,0.025,0.0931,0.0867
0.006658691,0.0706,0.077,0.061,0.0738,0.077,0.0211,0.0322,0.0931,0.0867
0.006668807,0.0706,0.077,0.061,0.0738,0.077,0.0211,0.025,0.0931,0.0867
0.006678922,0.0706,0.077,0.061,0.0738,0.077,0.0211,0.025,0.0899,0.0867
0.006689038,0.0706,0.077,0.061,0.0738,0.077,0.0247,0.0322,0.0899,0.0867
0.006699154,0.0706,0.077,0.061,0.0738,0.077,0.0211,0.025,0.0899,0.0867
0.00670927,0.0706,0.077,0.061,0.0738,0.077,0.0211,0.025,0.0899,0.0867
0.006719385,0.0706,0.077,0.061,0.0738,0.077,0.0247,0.0322,0.0899,0.0867
0.006729501,0.0706,0.077,0.061,0.0738,0.077,0.0211,0.0322,0.0899,0.0867
0.006739617,0.0706,0.077,0.061,0.0738,0.0802,0.0247,0.025,0.0899,0.0867
0.006749732,0.0706,0.077,0.061,0.0738,0.0802,0.0211,0.0322,0.0899,0.0867
0.006759848,0.0706,0.077,0.061,0.0738,0.077,0.0211,0.025,0.0899,0.0867
0.006769965,0.0706,0.077,0.061,0.0738,0.077,0.0211,0.0322,0.0899,0.0867
0.006780081,0.0706,0.077,0.061,0.0738,0.077,0.0211,0.0322,0.0899,0.0867
0.006790197,0.0706,0.077,0.061,0.0738,0.077,0.0247,0.0322,0.0899,0.0867
0.006800312,0.0706,0.077,0.061,0.0738,0.0802,0.0211,0.025,0.0899,0.0867
0.006810428,0.0706,0.077,0.061,0.0738,0.0802,0.0247,0.025,0.0899,0.0867
0.006820544,0.0706,0.077,0.061,0.0738,0.0802,0.0211,0.025,0.0899,0.0867
0.00683066,0.0706,0.077,0.061,0.0738,0.0802,0.0247,0.025,0.0899,0.0867
0.006840776,0.0706,0.077,0.061,0.0738,0.0802,0.0247,0.0322,0.0899,0.0867
0.006850891,0.0706,0.077,0.061,0.0738,0.0802,0.0247,0.025,0.0899,0.0867
0.006861007,0.0706,0.077,0.061,0.0738,0.0802,0.0211,0.0322,0.0899,0.0867
0.006871123,0.0706,0.077,0.061,0.0738,0.0802,0.0247,0.025,0.0899,0.0899
0.00688124,0.0706,0.077,0.061,0.0738,0.0802,0.0211,0.025,0.0899,0.0867
0.006891355,0.0706,0.077,0.061,0.0738,0.0802,0.0211,0.025,0.0899,0.0899
0.006901472,0.0706,0.077,0.061,0.0738,0.0802,0.0211,0.025,0.0899,0.0899
0.006911587,0.0706,0.077,0.061,0.0738,0.0802,0.0247,0.025,0.0899,0.0899
0.006921702,0.0706,0.077,0.061,0.0738,0.0802,0.0211,0.025,0.0899,0.0899
0.006931818,0.0706,0.077,0.061,0.0738,0.0802,0.0247,0.025,0.0899,0.0899
0.006941934,0.0706,0.077,0.061,0.0738,0.0802,0.0282,0.025,0.0899,0.0899
0.00695205,0.0706,0.0738,0.061,0.0738,0.0802,0.0211,0.025,0.0899,0.0899
0.006962166,0.0706,0.077,0.061,0.077,0.0802,0.0211,0.0322,0.0899,0.0899
0.006972281,0.0706,0.077,0.061,0.077,0.0802,0.0247,0.0322,0.0899,0.0899
0.006982397,0.0706,0.077,0.061,0.077,0.0802,0.0211,0.025,0.0899,0.0899
0.006992514,0.0706,0.077,0.061,0.077,0.0802,0.0247,0.025,0.0899,0.0899
0.00700263,0.0706,0.077,0.061,0.077,0.0802,0.0282,0.025,0.0899,0.0899
0.007012745,0.0706,0.077,0.061,0.077,0.0802,0.0211,0.025,0.0899,0.0899
0.007022861,0.0706,0.077,0.061,0.077,0.0802,0.0247,0.0322,0.0899,0.0899
0.007032977,0.0706,0.077,0.061,0.077,0.0802,0.0282,0.0322,0.0899,0.0899
0.007043093,0.0706,0.077,0.061,0.077,0.0802,0.0247,0.0322,0.0899,0.0899
0.007053208,0.0706,0.077,0.061,0.077,0.0802,0.0211,0.0322,0.0899,0.0899
0.007063324,0.0706,0.077,0.061,0.077,0.0802,0.0211,0.0358,0.0899,0.0899
0.007073441,0.0706,0.077,0.061,0.077,0.0802,0.0282,0.0286,0.0899,0.0899
0.007083556,0.0706,0.077,0.061,0.077,0.0802,0.0282,0.0322,0.0899,0.0899
0.007093671,0.0706,0.077,0.061,0.077,0.0802,0.0247,0.0358,0.0899,0.0899
0.007103788,0.0706,0.077,0.061,0.077,0.0802,0.0211,0.0358,0.0899,0.0867
0.007113904,0.0706,0.077,0.061,0.077,0.0802,0.0211,0.0286,0.0899,0.0899
0.00712402,0.0706,0.077,0.061,0.077,0.0802,0.0211,0.0286,0.0899,0.0867
0.007134135,0.0706,0.077,0.061,0.077,0.0802,0.0247,0.0286,0.0899,0.0867
0.007144251,0.0706,0.077,0.061,0.077,0.0835,0.0211,0.0286,0.0899,0.0867
0.007154367,0.0706,0.077,0.061,0.077,0.0802,0.0211,0.0286,0.0899,0.0867
0.007164482,0.0706,0.077,0.061,0.077,0.0802,0.0211,0.0286,0.0899,0.0867
0.007174598,0.0706,0.077,0.061,0.077,0.0802,0.0282,0.0286,0.0899,0.0867
0.007184714,0.0706,0.077,0.061,0.077,0.0835,0.0211,0.0322,0.0899,0.0867
0.00719483,0.0706,0.077,0.061,0.077,0.0835,0.0282,0.0286,0.0899,0.0867
0.007204947,0.0706,0.077,0.061,0.077,0.0835,0.0211,0.0286,0.0899,0.0867
0.007215062,0.0706,0.077,0.061,0.077,0.0835,0.0211,0.0286,0.0899,0.0867
0.007225179,0.0706,0.077,0.061,0.077,0.0835,0.0211,0.0322,0.0899,0.0867
0.007235294,0.0706,0.077,0.061,0.077,0.0835,0.0211,0.0322,0.0899,0.0867
0.007245409,0.0706,0.077,0.061,0.077,0.0835,0.0247,0.025,0.0899,0.0867
0.007255525,0.0706,0.077,0.061,0.077,0.0835,0.0211,0.025,0.0899,0.0867
0.00726564,0.0706,0.077,0.061,0.077,0.0835,0.0211,0.025,0.0899,0.0867
0.007275757,0.0706,0.077,0.061,0.077,0.0835,0.0247,0.025,0.0899,0.0867
0.007285872,0.0706,0.077,0.061,0.077,0.0835,0.0211,0.025,0.0867,0.0867
0.007295988,0.0706,0.077,0.061,0.077,0.0835,0.0211,0.0322,0.0867,0.0867
0.007306104,0.0706,0.077,0.061,0.077,0.0835,0.0282,0.025,0.0867,0.0867
0.00731622,0.0706,0.077,0.061,0.077,0.0835,0.0282,0.025,0.0867,0.0867
0.007326337,0.0706,0.077,0.061,0.077,0.0835,0.0247,0.025,0.0867,0.0867
0.007336452,0.0706,0.077,0.061,0.077,0.0835,0.0211,0.0322,0.0867,0.0867
0.007346568,0.0706,0.077,0.061,0.077,0.0835,0.0211,0.0322,0.0867,0.0867
0.007356684,0.0706,0.077,0.061,0.077,0.0835,0.0247,0.025,0.0867,0.0867
0.0073668,0.0706,0.077,0.061,0.077,0.0835,0.0282,0.025,0.0867,0.0867
0.007376915,0.0706,0.077,0.061,0.077,0.0835,0.0211,0.025,0.0867,0.0867
0.007387031,0.0706,0.077,0.061,0.077,0.0835,0.0282,0.025,0.0867,0.0867
0.007397146,0.0706,0.077,0.061,0.077,0.0835,0.0247,0.0322,0.0867,0.0867
0.007407263,0.0706,0.077,0.061,0.077,0.0835,0.0211,0.025,0.0867,0.0835
0.007417378,0.0706,0.077,0.061,0.077,0.0835,0.0282,0.025,0.0867,0.0867
